Predicted_Probability,Actual,Risk_Tier,MonthlyIncome,Annual_Salary,Replacement_Cost,Expected_Loss,EmployeeNumber,Department,JobRole
0.17750417221912826,0,Low,2033,24396,36594.0,6495.587678186779,1495,Sales,Sales Representative
0.04729208967529788,0,Low,2011,24132,36198.0,1711.8790620664327,1246,Research & Development,Research Scientist
0.09342107202582789,0,Low,11557,138684,208026.0,19434.011929244873,613,Sales,Manager
0.04583024597983997,0,Low,19190,230280,345420.0,15830.683566356323,1288,Research & Development,Manager
0.14632032331989975,1,Low,3388,40656,60984.0,8923.198597340766,90,Research & Development,Research Scientist
0.2725424902275669,0,Low,7945,95340,143010.0,38976.30152744434,1641,Research & Development,Manufacturing Director
0.05056440794501226,0,Low,7969,95628,143442.0,7253.059804448449,543,Research & Development,Manufacturing Director
0.06147594541357011,0,Low,19392,232704,349056.0,21458.54760227913,1866,Research & Development,Manager
0.04537219259688357,0,Low,6883,82596,123894.0,5621.342429598293,1728,Research & Development,Manufacturing Director
0.46430465997902826,0,Medium,1514,18168,27252.0,12653.230593748478,1839,Research & Development,Research Scientist
0.05924693168388551,0,Low,2929,35148,52722.0,3123.616732237812,1701,Research & Development,Research Scientist
0.2950938454403055,0,Low,10686,128232,192348.0,56760.71098275188,1070,Sales,Sales Executive
0.2783928819739306,0,Low,4425,53100,79650.0,22173.993049223573,269,Research & Development,Laboratory Technician
0.0911287201274781,0,Low,5468,65616,98424.0,8969.253149826904,1784,Sales,Sales Executive
0.06587316299891835,0,Low,2838,34056,51084.0,3365.064658636745,1297,Research & Development,Laboratory Technician
0.5767239275684545,0,Medium,2478,29736,44604.0,25724.194065263342,434,Research & Development,Research Scientist
0.07046895281729854,0,Low,8392,100704,151056.0,10644.758136769848,534,Sales,Sales Executive
0.04659267151849013,0,Low,5249,62988,94482.0,4402.1687904099845,361,Sales,Sales Executive
0.1212694861542902,0,Low,6877,82524,123786.0,15011.464613094968,833,Research & Development,Manufacturing Director
0.04781804788246005,0,Low,2977,35724,53586.0,2562.3779138295045,2052,Research & Development,Research Scientist
0.13763409602498483,1,Low,2800,33600,50400.0,6936.758439659236,896,Sales,Sales Representative
0.10975576481093499,1,Low,6179,74148,111222.0,12207.255673801812,1389,Research & Development,Manufacturing Director
0.05333530492417917,0,Low,4477,53724,80586.0,4298.078882619902,1195,Research & Development,Research Scientist
0.05178993806716231,0,Low,4069,48828,73242.0,3793.198643915102,1552,Research & Development,Healthcare Representative
0.053358522911938565,0,Low,3660,43920,65880.0,3515.2594894385124,1097,Research & Development,Research Scientist
0.27350297613549257,0,Low,4487,53844,80766.0,22089.741370559193,527,Sales,Sales Executive
0.1911352336628632,0,Low,2766,33192,49788.0,9516.241013606634,1768,Research & Development,Laboratory Technician
0.05223146857988931,1,Low,10650,127800,191700.0,10012.772526764782,179,Research & Development,Manufacturing Director
0.07707863710144545,0,Low,7823,93876,140814.0,10853.75120480294,984,Sales,Sales Executive
0.06494774047633887,1,Low,19545,234540,351810.0,22849.26457698078,58,Research & Development,Research Director
0.05660330670173893,0,Low,5208,62496,93744.0,5306.220383447814,1621,Research & Development,Research Scientist
0.09003995350056865,0,Low,2559,30708,46062.0,4147.4203381431935,1258,Research & Development,Laboratory Technician
0.1389695155068254,0,Low,2274,27288,40932.0,5688.300208725377,834,Research & Development,Research Scientist
0.10046896160405086,0,Low,13120,157440,236160.0,23726.74997241265,1138,Sales,Sales Executive
0.5379511581615946,0,Medium,2008,24096,36144.0,19443.706660592674,934,Research & Development,Laboratory Technician
0.7403964232136707,1,High,3348,40176,60264.0,44619.25004854865,702,Research & Development,Research Scientist
0.08972376060997718,0,Low,13664,163968,245952.0,22067.738369545106,102,Research & Development,Research Director
0.07022444095971889,0,Low,4105,49260,73890.0,5188.883942513628,1965,Sales,Sales Executive
0.09571453944690561,0,Low,3491,41892,62838.0,6014.5102297646545,1224,Research & Development,Laboratory Technician
0.5655229606936366,1,Medium,2321,27852,41778.0,23626.41825185875,991,Research & Development,Research Scientist
0.051561143185328825,0,Low,13734,164808,247212.0,12746.53332913151,258,Research & Development,Healthcare Representative
0.16729296107326394,0,Low,3597,43164,64746.0,10831.550057649547,1173,Research & Development,Laboratory Technician
0.049619030286531605,0,Low,16064,192768,289152.0,14347.441845411187,327,Sales,Manager
0.09266839383134597,0,Low,5380,64560,96840.0,8974.007258627544,1935,Sales,Sales Executive
0.1033198877265103,0,Low,2141,25692,38538.0,3981.741833204254,1609,Research & Development,Research Scientist
0.08589443282126341,0,Low,9713,116556,174834.0,15017.267267872767,1882,Sales,Sales Executive
0.19662832867021207,0,Low,3295,39540,59310.0,11662.026173430279,1735,Research & Development,Laboratory Technician
0.09241109732137144,0,Low,4930,59160,88740.0,8200.560776298502,1704,Research & Development,Research Scientist
0.0514769959804313,0,Low,2232,26784,40176.0,2068.139790509808,332,Research & Development,Laboratory Technician
0.08420637233846448,0,Low,5253,63036,94554.0,7962.04933009117,498,Sales,Sales Executive
0.08086953798939295,0,Low,4373,52476,78714.0,6365.564813297076,1477,Sales,Sales Executive
0.060214693494415474,0,Low,2544,30528,45792.0,2757.3512444962735,1918,Research & Development,Laboratory Technician
0.11696156830517221,0,Low,5343,64116,96174.0,11248.661870181631,2041,Sales,Sales Executive
0.057140555108126406,0,Low,2430,29160,43740.0,2499.327880429449,1554,Sales,Sales Representative
0.050167535747842225,0,Low,2506,30072,45108.0,2262.957202513667,826,Research & Development,Research Scientist
0.053584449736690375,0,Low,4680,56160,84240.0,4513.954045818798,715,Research & Development,Research Scientist
0.060719777852700524,0,Low,13237,158844,238266.0,14467.458589851543,601,Research & Development,Manufacturing Director
0.44755690331704356,1,Medium,4559,54708,82062.0,36727.41460000323,175,Sales,Sales Executive
0.3252546316250759,0,Medium,4335,52020,78030.0,25379.618905704672,793,Research & Development,Healthcare Representative
0.11234012508692193,0,Low,5171,62052,93078.0,10456.39416284052,1254,Sales,Sales Executive
0.06548943614224356,0,Low,9204,110448,165672.0,10849.765864557776,1446,Sales,Sales Executive
0.06392369800669329,0,Low,2028,24336,36504.0,2333.4706720363315,1698,Research & Development,Laboratory Technician
0.08434413821035126,0,Low,2279,27348,41022.0,3459.9652376650297,260,Research & Development,Research Scientist
0.07658695691781543,0,Low,2438,29256,43884.0,3360.9420173814124,1813,Research & Development,Research Scientist
0.22271347163846092,0,Low,4404,52848,79272.0,17654.942323724074,2068,Research & Development,Laboratory Technician
0.05209642071426648,0,Low,4071,48852,73278.0,3817.521517100019,1794,Human Resources,Human Resources
0.07876367843885533,0,Low,6499,77988,116982.0,9213.932631134174,85,Research & Development,Manufacturing Director
0.16984701973569075,1,Low,2148,25776,38664.0,6566.965171060747,1818,Human Resources,Human Resources
0.2671016242350418,0,Low,2127,25524,38286.0,10226.25278546281,1448,Research & Development,Research Scientist
0.11327760918130741,0,Low,2827,33924,50886.0,5764.244420800009,1190,Sales,Sales Representative
0.19666061772615065,0,Low,8837,106044,159066.0,31282.01781922788,2040,Human Resources,Human Resources
0.0471856619486125,0,Low,5902,70824,106236.0,5012.815982772798,182,Sales,Sales Executive
0.06357723945832089,0,Low,10512,126144,189216.0,12029.830941345645,1283,Research & Development,Manufacturing Director
0.07268171665631519,0,Low,2974,35688,53532.0,3890.7976560458646,1709,Research & Development,Laboratory Technician
0.06003895890696751,0,Low,4505,54060,81090.0,4868.559177765996,151,Research & Development,Research Scientist
0.04780897347822957,0,Low,5906,70872,106308.0,5082.476352523629,1888,Research & Development,Manufacturing Director
0.04585144449414435,0,Low,10466,125592,188388.0,8637.861925362866,1484,Research & Development,Healthcare Representative
0.05297436754680192,0,Low,10609,127308,190962.0,10116.091175472387,307,Sales,Sales Executive
0.45462753255679056,0,Medium,4197,50364,75546.0,34345.2915745353,1881,Research & Development,Laboratory Technician
0.06675916723958597,0,Low,3072,36864,55296.0,3691.514911680146,239,Research & Development,Laboratory Technician
0.07882640827254835,0,Low,5147,61764,92646.0,7302.951420818514,1756,Sales,Sales Executive
0.6662411970467698,1,High,2042,24504,36756.0,24488.36143865107,1053,Research & Development,Research Scientist
0.053150816703690026,1,Low,10312,123744,185616.0,9865.641993272127,165,Research & Development,Healthcare Representative
0.047964586855931086,0,Low,19094,229128,343692.0,16485.044785688668,32,Research & Development,Manager
0.04914501085543159,0,Low,6500,78000,117000.0,5749.966270085496,1898,Sales,Sales Executive
0.06714874334981354,0,Low,6516,78192,117288.0,7875.74181001293,1724,Research & Development,Manufacturing Director
0.04736002326006642,0,Low,9824,117888,176832.0,8374.767633124065,634,Research & Development,Healthcare Representative
0.05303169465656574,1,Low,10482,125784,188676.0,10005.808021022196,1098,Human Resources,Human Resources
0.1787612202252629,0,Low,6811,81732,122598.0,21915.76807717678,616,Research & Development,Healthcare Representative
0.08339366681812799,0,Low,9525,114300,171450.0,14297.844175968043,1700,Sales,Sales Executive
0.05992411213890665,0,Low,10453,125436,188154.0,11274.961395383842,244,Sales,Sales Executive
0.04603436644628172,0,Low,19999,239988,359982.0,16571.543302065387,259,Research & Development,Manager
0.7719549279945572,1,High,1118,13416,20124.0,15534.82097096247,1273,Sales,Sales Representative
0.08408299475757357,0,Low,2157,25884,38826.0,3264.6063544575513,974,Sales,Sales Representative
0.5502429466206107,0,Medium,2789,33468,50202.0,27623.296406247897,399,Sales,Sales Representative
0.6236189752498462,1,High,4400,52800,79200.0,49390.62283978782,1439,Sales,Sales Representative
0.23427001782915036,0,Low,3760,45120,67680.0,15855.394806676895,1646,Research & Development,Research Scientist
0.04806530418147488,1,Low,2058,24696,37044.0,1780.5311280985554,300,Research & Development,Research Scientist
0.05402726675524018,0,Low,4907,58884,88326.0,4772.012363423344,2018,Sales,Sales Executive
0.3555522694313415,0,Medium,4249,50988,76482.0,27193.34867064786,1350,Research & Development,Research Scientist
0.04729857849991107,0,Low,19627,235524,353286.0,16709.925603919582,1069,Research & Development,Research Director
0.17560487128979765,0,Low,4272,51264,76896.0,13503.31218270028,1148,Research & Development,Laboratory Technician
0.06490948913836649,0,Low,2782,33384,50076.0,3250.40757809284,802,Research & Development,Research Scientist
0.04788642031960798,0,Low,3445,41340,62010.0,2969.4369240188907,1751,Research & Development,Research Scientist
0.3050213065197838,0,Medium,2858,34296,51444.0,15691.516092603759,1961,Sales,Sales Representative
0.06424903027953834,0,Low,5406,64872,97308.0,6251.944638441317,2036,Sales,Sales Executive
0.24884977495605112,0,Low,2318,27816,41724.0,10383.008010266278,933,Research & Development,Research Scientist
0.044753470516143416,0,Low,19436,233232,349848.0,15656.912153131741,352,Research & Development,Research Director
0.14409112174906935,1,Low,2362,28344,42516.0,6126.178132283432,1333,Research & Development,Laboratory Technician
0.05105664745553327,0,Low,5484,65808,98712.0,5039.9037836306,1580,Research & Development,Research Scientist
0.15620466193650892,0,Low,4663,55956,83934.0,13110.88209497894,1614,Research & Development,Manufacturing Director
0.07062984713621892,0,Low,3201,38412,57618.0,4069.550532294662,1136,Research & Development,Research Scientist
0.05401230429057774,0,Low,19717,236604,354906.0,19169.290866551783,1338,Human Resources,Manager
0.05647688659477839,0,Low,9884,118608,177912.0,10047.915847850212,70,Research & Development,Healthcare Representative
0.05419720324459207,0,Low,2387,28644,42966.0,2328.6370346071426,1361,Research & Development,Laboratory Technician
0.10553991511563289,0,Low,4721,56652,84978.0,8968.570906696252,957,Research & Development,Laboratory Technician
0.05539836859252398,0,Low,3833,45996,68994.0,3822.1550426725994,806,Research & Development,Laboratory Technician
0.07660376086552102,0,Low,10527,126324,189486.0,14515.340231364116,624,Research & Development,Healthcare Representative
0.05280394107993645,0,Low,4011,48132,72198.0,3812.338938089252,57,Research & Development,Laboratory Technician
0.061557968859441835,0,Low,10274,123288,184932.0,11384.038297114297,1182,Research & Development,Manufacturing Director
0.070984385439525,0,Low,2288,27456,41184.0,2923.4209299413974,245,Research & Development,Laboratory Technician
0.10979318740342804,0,Low,3057,36684,55026.0,6041.479930061031,773,Research & Development,Research Scientist
0.04680449746922327,0,Low,16328,195936,293904.0,13756.029024194597,1523,Research & Development,Research Director
0.07372339853212356,0,Low,3540,42480,63720.0,4697.654954466913,1864,Sales,Sales Representative
0.26373475524819345,0,Low,3867,46404,69606.0,18357.521373805754,1296,Research & Development,Laboratory Technician
0.06145564610581999,0,Low,6825,81900,122850.0,7549.8261240999855,35,Sales,Sales Executive
0.5042632166607516,0,Medium,3433,41196,61794.0,31160.441210334484,1720,Research & Development,Research Scientist
0.22153614187454457,1,Low,5828,69936,104904.0,23240.027427207224,401,Sales,Sales Executive
0.3071148407118954,0,Medium,6294,75528,113292.0,34793.65453393205,1753,Research & Development,Healthcare Representative
0.19921948638945375,0,Low,9852,118224,177336.0,35328.78683836017,1324,Sales,Sales Executive
0.5610364757188522,1,Medium,3140,37680,56520.0,31709.781607629524,248,Sales,Sales Representative
0.044925617245916406,0,Low,17856,214272,321408.0,14439.4527877755,1215,Research & Development,Manager
0.10487094708772475,1,Low,2686,32232,48348.0,5070.300549797316,780,Research & Development,Research Scientist
0.4773697704172605,0,Medium,3294,39528,59292.0,28304.208427580208,925,Sales,Sales Representative
0.09160665600976248,0,Low,2238,26856,40284.0,3690.282530697272,200,Research & Development,Laboratory Technician
0.4389870375731632,0,Medium,1129,13548,20322.0,8921.094577561822,1974,Research & Development,Laboratory Technician
0.6244732057586736,0,High,9705,116460,174690.0,109089.22431398269,954,Sales,Sales Executive
0.09104535510191439,0,Low,6540,78480,117720.0,10717.859202597361,496,Research & Development,Healthcare Representative
0.0776750002457507,0,Low,9362,112344,168516.0,13089.480341412926,1412,Research & Development,Manufacturing Director
0.05152184880544938,0,Low,19187,230244,345366.0,17793.894834542833,1336,Research & Development,Manager
0.04486248789944537,0,Low,19701,236412,354618.0,15909.045733925519,1423,Research & Development,Research Director
0.048100658151094024,0,Low,6347,76164,114246.0,5495.307791129888,460,Research & Development,Manufacturing Director
0.09892964735358237,0,Low,3230,38760,58140.0,5751.769697137279,379,Research & Development,Research Scientist
0.5770550322550863,0,Medium,6410,76920,115380.0,66580.60962159185,424,Human Resources,Human Resources
0.17968817684746596,1,Low,2107,25284,37926.0,6814.853795116994,1210,Research & Development,Research Scientist
0.057018063100577096,0,Low,9738,116856,175284.0,9994.354172521556,154,Sales,Sales Executive
0.4034024653616983,0,Medium,9610,115320,172980.0,69780.55845826658,1739,Sales,Sales Executive
0.10815872439080378,0,Low,3755,45060,67590.0,7310.4481815744275,602,Research & Development,Laboratory Technician
0.05711523083096308,0,Low,2323,27876,41814.0,2388.21626196589,217,Research & Development,Research Scientist
0.051765924419367816,0,Low,14336,172032,258048.0,13358.093264569026,520,Research & Development,Research Director
0.05673696156818831,0,Low,4759,57108,85662.0,4860.201601854147,1478,Sales,Sales Executive
0.07023040937204718,0,Low,6549,78588,117882.0,8278.901117595666,1514,Research & Development,Manufacturing Director
0.0502475204971033,0,Low,3904,46848,70272.0,3530.993760372443,1407,Research & Development,Research Scientist
0.050918010170701654,0,Low,19232,230784,346176.0,17626.593088852816,319,Research & Development,Manager
0.09724373481713222,0,Low,4724,56688,85032.0,8268.829258970387,1615,Research & Development,Manufacturing Director
0.30109967569417534,1,Medium,4963,59556,89334.0,26898.438428463458,161,Research & Development,Research Scientist
0.05857738454438933,1,Low,4787,57444,86166.0,5047.378916651851,2027,Research & Development,Research Scientist
0.04775728070987276,0,Low,6377,76524,114786.0,5481.867223563454,1375,Research & Development,Healthcare Representative
0.6459980804469085,1,High,4577,54924,82386.0,53221.19785569901,720,Sales,Sales Executive
0.13060708059056378,0,Low,5507,66084,99126.0,12946.557470620226,1908,Sales,Sales Executive
0.06453773582911891,0,Low,6804,81648,122472.0,7904.065582463852,754,Sales,Sales Executive
0.07270319910179167,0,Low,18200,218400,327600.0,23817.56802574695,644,Human Resources,Manager
0.0730517790301586,1,Low,2960,35520,53280.0,3892.19878672685,31,Research & Development,Research Scientist
0.05792461442080755,0,Low,6272,75264,112896.0,6539.457269651489,1231,Human Resources,Human Resources
0.336293161376397,1,Medium,2759,33108,49662.0,16700.990980274626,752,Research & Development,Research Scientist
0.05002851957721876,0,Low,2064,24768,37152.0,1858.6595593328313,1499,Human Resources,Human Resources
0.21805323813920102,1,Low,2461,29532,44298.0,9659.322343090327,1081,Research & Development,Research Scientist
0.11005808654202053,0,Low,5736,68832,103248.0,11363.277319290535,1929,Sales,Sales Executive
0.5530021632502319,1,Medium,2090,25080,37620.0,20803.941381473724,4,Research & Development,Laboratory Technician
0.09817073230874962,0,Low,13675,164100,246150.0,24164.72575779872,337,Research & Development,Research Director
0.05549808637781535,0,Low,6142,73704,110556.0,6135.646437585754,2064,Research & Development,Manufacturing Director
0.06270915748827618,0,Low,3072,36864,55296.0,3467.56557247172,334,Research & Development,Research Scientist
0.3037363431837965,0,Medium,2976,35712,53568.0,16270.548431669611,467,Sales,Sales Representative
0.15700636971399248,0,Low,6861,82332,123498.0,19389.972646938644,1036,Sales,Sales Executive
0.05977955298375946,1,Low,3102,37224,55836.0,3337.8511204011934,510,Research & Development,Research Scientist
0.04636156884335509,0,Low,19189,230268,345402.0,16013.378601632536,734,Human Resources,Manager
0.4128959791726315,1,Medium,2422,29064,43596.0,18000.613108010042,1017,Research & Development,Laboratory Technician
0.04638124098598523,0,Low,3210,38520,57780.0,2679.9081041702266,373,Research & Development,Laboratory Technician
0.17147421173762484,1,Low,4728,56736,85104.0,14593.141315718824,1113,Sales,Sales Executive
0.11592826163477962,0,Low,2725,32700,49050.0,5686.28123318594,639,Research & Development,Research Scientist
0.05120697409440673,0,Low,3929,47148,70722.0,3621.4596219046325,246,Research & Development,Research Scientist
0.08946842586097524,0,Low,4502,54024,81036.0,7250.16335806999,1710,Sales,Sales Representative
0.14405198813720696,0,Low,3482,41784,62676.0,9028.602408487583,2019,Sales,Sales Representative
0.41044013113713634,1,Medium,2389,28668,43002.0,17649.746519159136,315,Research & Development,Research Scientist
0.1328173583161466,0,Low,17007,204084,306126.0,40658.84663188869,1485,Research & Development,Research Director
0.04585950222603238,0,Low,5470,65640,98460.0,4515.326589175148,1671,Research & Development,Research Scientist
0.04586725647798818,0,Low,3591,43092,64638.0,2964.7677242242,1834,Research & Development,Research Scientist
0.04747240750168938,0,Low,2177,26124,39186.0,1860.2537603612,309,Research & Development,Research Scientist
0.08178154215622918,0,Low,16606,199272,298908.0,24445.15720283415,1527,Sales,Manager
0.14013114451747516,0,Low,2933,35196,52794.0,7398.083643655584,1893,Research & Development,Research Scientist
0.17130668228059404,1,Low,4581,54972,82458.0,14125.606407493224,1667,Sales,Sales Executive
0.05166265933796669,0,Low,2911,34932,52398.0,2707.0200239907786,338,Research & Development,Research Scientist
0.07771651936314589,0,Low,5933,71196,106794.0,8299.657968867801,852,Research & Development,Healthcare Representative
0.06691242227245464,0,Low,19537,234444,351666.0,23530.823890865035,162,Research & Development,Research Director
0.04622992053141128,0,Low,13757,165084,247626.0,11447.730301511248,1468,Research & Development,Research Director
0.12590395935789378,0,Low,6389,76668,115002.0,14479.2071340765,760,Human Resources,Human Resources
0.23600696799999835,1,Low,2655,31860,47790.0,11278.77300071992,1691,Sales,Sales Representative
0.27974649344860736,0,Low,5332,63984,95976.0,26848.94945522354,1613,Sales,Sales Executive
0.07537350568415392,0,Low,6694,80328,120492.0,9081.904446895074,1105,Sales,Sales Executive
0.43262668571772717,0,Medium,1052,12624,18936.0,8192.218920750882,1056,Sales,Sales Representative
0.760362366746158,1,High,2121,25452,38178.0,29029.11443763482,959,Sales,Sales Representative
0.07705296736599775,0,Low,12185,146220,219330.0,16900.027332384285,306,Research & Development,Research Director
0.2365063228178242,0,Low,2096,25152,37728.0,8922.91054727087,1303,Research & Development,Research Scientist
0.06335963489574419,0,Low,19141,229692,344538.0,21829.80188770991,731,Human Resources,Manager
0.12773569764218962,0,Low,2935,35220,52830.0,6748.276906436878,22,Research & Development,Laboratory Technician
0.047648855157017445,0,Low,14275,171300,256950.0,12243.373332595633,901,Research & Development,Research Director
0.05504824551141108,0,Low,19237,230844,346266.0,19061.33578025427,1061,Research & Development,Research Director
0.3292888947550092,0,Medium,3708,44496,66744.0,21978.057991528334,744,Research & Development,Laboratory Technician
0.06257347143970839,0,Low,7847,94164,141246.0,8838.25254697305,1706,Sales,Sales Executive
0.04993387323107852,0,Low,2897,34764,52146.0,2603.8517535078204,1969,Research & Development,Research Scientist
0.05755150231071833,0,Low,4941,59292,88938.0,5118.515512510667,178,Research & Development,Manufacturing Director
0.047137262384778514,0,Low,18789,225468,338202.0,15941.916413056862,1280,Sales,Manager
0.06850461789464088,0,Low,19038,228456,342684.0,23475.436478607116,1770,Research & Development,Research Director
0.0585545075855744,0,Low,8376,100512,150768.0,8828.145999661881,1525,Research & Development,Manufacturing Director
0.7702045914933444,1,High,2174,26088,39132.0,30139.646074317552,478,Sales,Sales Representative
0.5357233290232493,0,Medium,5257,63084,94626.0,50693.355732153985,448,Research & Development,Laboratory Technician
0.05604170423420929,0,Low,6132,73584,110376.0,6185.659146555085,211,Research & Development,Manufacturing Director
0.09848292152670801,0,Low,2109,25308,37962.0,3738.6086669968895,1461,Human Resources,Human Resources
0.2647850175044356,0,Low,2909,34908,52362.0,13864.673086567258,5,Research & Development,Research Scientist
0.35609106788180683,1,Medium,2683,32196,48294.0,17197.06203228398,47,Sales,Sales Representative
0.04523522344264658,0,Low,17650,211800,317700.0,14371.230487728817,1045,Sales,Manager
0.11142546523456819,0,Low,5488,65856,98784.0,11007.053157731583,998,Research & Development,Healthcare Representative
0.10453838156327905,1,Low,8722,104664,156996.0,16412.107751908556,1082,Research & Development,Healthcare Representative
0.6498880665386767,0,High,1200,14400,21600.0,14037.582237235416,411,Sales,Sales Representative
0.3636873210544029,0,Medium,10388,124656,186984.0,68003.71004003647,1014,Research & Development,Healthcare Representative
0.04972261211234201,0,Low,2821,33852,50778.0,2524.8147978405027,1060,Research & Development,Research Scientist
0.17615660432284072,0,Low,2127,25524,38286.0,6744.331753104279,643,Research & Development,Laboratory Technician
0.07841785612115336,0,Low,3681,44172,66258.0,5195.810310875379,652,Research & Development,Laboratory Technician
0.04960861211289474,0,Low,16184,194208,291312.0,14451.584011831592,612,Research & Development,Research Director
0.08103638756745042,0,Low,4107,49284,73926.0,5990.69598731134,1062,Research & Development,Healthcare Representative
0.07365270538700117,0,Low,8858,106296,159444.0,11743.481957725015,1073,Research & Development,Manufacturing Director
0.05158344399901502,0,Low,4377,52524,78786.0,4064.0532189063974,1009,Research & Development,Manufacturing Director
0.07834092037403086,0,Low,2377,28524,42786.0,3351.8946191232844,930,Research & Development,Research Scientist
0.08667232354047871,0,Low,5295,63540,95310.0,8260.739156643027,1654,Research & Development,Manufacturing Director
0.047200092977508525,0,Low,5163,61956,92934.0,4386.493440771777,139,Research & Development,Healthcare Representative
0.06389024539755707,0,Low,17181,206172,309258.0,19758.569511157704,199,Research & Development,Manager
0.050609340869874474,0,Low,3669,44028,66042.0,3342.34208972825,1358,Research & Development,Laboratory Technician
0.04981438116468636,0,Low,4420,53040,79560.0,3963.2321654624466,1177,Research & Development,Laboratory Technician
0.07033073039679304,1,Low,2693,32316,48474.0,3409.211825254146,923,Research & Development,Research Scientist
0.20323965309596026,0,Low,2061,24732,37098.0,7539.784650553934,1581,Research & Development,Research Scientist
0.047570555567931626,1,Low,10169,122028,183042.0,8707.40963226534,1572,Research & Development,Manufacturing Director
0.1948506708244999,0,Low,2871,34452,51678.0,10069.492966868505,144,Research & Development,Laboratory Technician
0.04612316824232167,0,Low,2700,32400,48600.0,2241.585976576833,824,Research & Development,Research Scientist
0.09826841963828557,0,Low,2705,32460,48690.0,4784.689352188125,1826,Research & Development,Laboratory Technician
0.05121187258731585,0,Low,5957,71484,107226.0,5491.244250047529,339,Research & Development,Manufacturing Director
0.16484094072074545,0,Low,4256,51072,76608.0,12628.134786734869,885,Sales,Sales Executive
0.06546480389729468,1,Low,2479,29748,44622.0,2921.170479505083,977,Research & Development,Research Scientist
0.0677954984306552,0,Low,3298,39576,59364.0,4024.6119688374156,21,Research & Development,Research Scientist
0.055385952733923306,0,Low,2426,29112,43668.0,2418.593783984963,14,Research & Development,Laboratory Technician
0.05986344241727837,0,Low,4434,53208,79812.0,4777.821066207821,836,Research & Development,Manufacturing Director
0.1541012649796893,1,Low,3730,44760,67140.0,10346.358930736338,331,Research & Development,Laboratory Technician
0.585633863350663,1,Medium,4777,57324,85986.0,50356.31337407011,1033,Research & Development,Healthcare Representative
0.04858866727724716,0,Low,6201,74412,111618.0,5423.369864151773,857,Sales,Sales Executive
0.30691147885534664,0,Medium,5003,60036,90054.0,27638.606316839385,1956,Research & Development,Research Scientist
0.045793030493525906,0,Low,2044,24528,36792.0,1684.817177917805,1799,Research & Development,Research Scientist
0.05500117240702163,0,Low,16015,192180,288270.0,15855.187969772125,410,Sales,Manager
0.7462437072176127,1,High,9094,109128,163692.0,122154.12492186546,1318,Sales,Sales Executive
0.1376812361674229,0,Low,2277,27324,40986.0,5643.003145557995,910,Human Resources,Human Resources
0.06697670177577555,0,Low,4465,53580,80370.0,5382.917521719081,333,Sales,Sales Executive
0.04561846335513001,0,Low,4440,53280,79920.0,3645.8275913419902,1995,Sales,Sales Executive
0.04453605585843458,0,Low,5762,69144,103716.0,4619.1015694134,1804,Research & Development,Manufacturing Director
0.09322477784612969,0,Low,7510,90120,135180.0,12602.12546923981,1971,Research & Development,Healthcare Representative
0.049760964102588685,0,Low,8578,102936,154404.0,7683.291901296104,1857,Research & Development,Manufacturing Director
0.0491976410045008,0,Low,4001,48012,72018.0,3543.115709862139,1774,Sales,Sales Executive
0.05544606056552841,0,Low,5390,64680,97020.0,5379.376796067566,2065,Sales,Sales Executive
0.0672329432861485,0,Low,3038,36456,54684.0,3676.5662706597445,231,Research & Development,Research Scientist
0.0553555162236092,0,Low,5399,64788,97182.0,5379.559777642789,1922,Research & Development,Healthcare Representative
0.12887600647312272,0,Low,2109,25308,37962.0,4892.390957732685,1762,Research & Development,Research Scientist
0.06416364066921629,0,Low,2810,33720,50580.0,3245.39694504896,1949,Research & Development,Laboratory Technician
0.05218522978570977,0,Low,5093,61116,91674.0,4784.028755375157,771,Research & Development,Healthcare Representative
0.10330004190391205,1,Low,2853,34236,51354.0,5304.8703519334995,1203,Research & Development,Research Scientist
0.05069369230034077,0,Low,7491,89892,134838.0,6835.436082393349,623,Research & Development,Manufacturing Director
0.04528103955492371,0,Low,2904,34848,52272.0,2366.930499614972,465,Research & Development,Research Scientist
0.3101716010491508,0,Medium,3447,41364,62046.0,19244.907158695612,669,Sales,Sales Representative
0.04960247785458008,0,Low,2942,35304,52956.0,2626.748817267143,1071,Research & Development,Research Scientist
0.30057269441727114,0,Medium,10596,127152,190728.0,57327.62886081729,1391,Sales,Sales Executive
0.6537732437625364,1,High,2404,28848,43272.0,28290.075804092477,994,Research & Development,Research Scientist
0.08480805603231795,0,Low,2380,28560,42840.0,3633.177120424501,1030,Research & Development,Laboratory Technician
0.07241827376350064,0,Low,6272,75264,112896.0,8175.733434804169,641,Sales,Sales Executive
0.058029649794382,0,Low,19272,231264,346896.0,20130.253395071937,444,Research & Development,Manager
0.060406313267004824,0,Low,3211,38532,57798.0,3491.364094206345,1617,Research & Development,Laboratory Technician
0.06653190198730663,0,Low,5056,60672,91008.0,6054.935336060802,1150,Research & Development,Manufacturing Director
0.05700912501487707,0,Low,2439,29268,43902.0,2502.8146064031334,2038,Research & Development,Research Scientist
0.3239820822031288,0,Medium,9667,116004,174006.0,56374.82619583763,1816,Research & Development,Manufacturing Director
0.1648725673004254,0,Low,2341,28092,42138.0,6947.4002409053255,54,Research & Development,Laboratory Technician
0.1623726133632369,0,Low,9888,118656,177984.0,28899.72721684236,1950,Sales,Sales Executive
0.04714142297005701,0,Low,19740,236880,355320.0,16750.290409720656,1255,Research & Development,Research Director
0.4221793942759909,1,Medium,8224,98688,148032.0,62496.060093463486,1157,Sales,Sales Executive
0.15430369621841655,0,Low,2791,33492,50238.0,7751.909090620811,1135,Sales,Sales Representative
0.04798958218415814,0,Low,3539,42468,63702.0,3057.032364295242,1778,Human Resources,Human Resources
0.04612660239292994,0,Low,5033,60396,90594.0,4178.793417185095,1903,Research & Development,Healthcare Representative
0.15632900992577317,1,Low,6134,73608,110412.0,17260.598643924466,1733,Sales,Sales Executive
0.04920420075417832,0,Low,2066,24792,37188.0,1829.8058176463833,1441,Research & Development,Research Scientist
0.049076908071713825,0,Low,2115,25380,38070.0,1868.3578902901454,391,Research & Development,Research Scientist
